{"cameraMode":{"drawMode":0,"name":"Shaded","section":"Shading Mode"},"sceneLighting":true,"audioPlay":false,"sceneViewState":{"showFog":false,"showMaterialUpdate":false,"showSkybox":false,"showFlares":false,"showImageEffects":false,"showParticleSystems":true},"in2DMode":false,"pivot":{"x":-123.19540405273438,"y":-11.287152290344239,"z":-97.98550415039063},"rotation":{"x":-0.021188803017139436,"y":0.8646994829177856,"z":-0.036607492715120319,"w":-0.5005055665969849},"size":143.0940704345703,"orthographic":false}