{"cameraMode":{"drawMode":0,"name":"Shaded","section":"Shading Mode"},"sceneLighting":true,"audioPlay":false,"sceneViewState":{"showFog":false,"showMaterialUpdate":false,"showSkybox":false,"showFlares":false,"showImageEffects":false,"showParticleSystems":true},"in2DMode":false,"pivot":{"x":82.2637939453125,"y":-30.1298828125,"z":-101.99124145507813},"rotation":{"x":-0.05309704318642616,"y":-0.9124959707260132,"z":0.1256232112646103,"w":-0.385682076215744},"size":160.9277801513672,"orthographic":false}