{"cameraMode":{"drawMode":0,"name":"Shaded","section":"Shading Mode"},"sceneLighting":true,"audioPlay":false,"sceneViewState":{"showFog":false,"showMaterialUpdate":false,"showSkybox":false,"showFlares":false,"showImageEffects":false,"showParticleSystems":true},"in2DMode":false,"pivot":{"x":77.65666198730469,"y":-61.08104705810547,"z":30.8748836517334},"rotation":{"x":-0.24978241324424745,"y":-0.4866037666797638,"z":0.1474955976009369,"w":-0.824057400226593},"size":152.8426513671875,"orthographic":false}